Query,Data
Canoo company background and history,"History edit. Canoo was founded in 2017 under the name Evelozcity by Stefan Krause and Ulrich Kranz. Krause worked for Deutsche Bank as its chief financial ... Company Overview. Canoo has developed breakthrough electric vehicles that are reinventing the automotive landscape with bold innovations in design ... The company has developed breakthrough Multi-Purpose Platforms and digital ... Visit www.Canoo.com/privacy for more information regarding our use of ... Company Profile. Canoo has developed breakthrough electric vehicles that are reinventing the automotive landscape with bold innovations in design, pioneering ... Apr 23, 2019 ... Canoo began life as Evelozcity back in 2017. It was formed after Stefan Krause, a former executive at BMW and Deutsche Bank, and another former ... Management Team. Company Info. Company Info. Management Team · Contacts · FAQ. Tony Aquila. Investor, Executive Chairman & Chief Executive Officer. Tony Aquila ... Information on stock, financials, earnings, subsidiaries, investors, and executives for Canoo. Use the PitchBook Platform to explore the full profile. Jan 25, 2023 ... The company's portfolio includes more than 25 companies operating in ... backgrounds in its inclusive and diverse workplaces. With a ... Apr 17, 2023 ... No change in the last quarter. Canoo Background Information (This description is provided by the company.) Canoo is a Los Angeles-based company ... Oct 20, 2020 ... ... history of leading technology companies to ... information about the business combination and the parties to the business combination."
Canoo executive team and leadership,"Ramesh Murthy ... Ramesh is an experienced accounting and audit expert. He joined Canoo Inc. from Ernst & Young LLP where he served as Managing Director with ... Get information on the Canoo CEO and leadership team - read bios, learn about Canoo leadership diversity, and more. Solera is an automotive technology company, that Tony founded with GTCR as his capital partner. Under his leadership as Founder, Chairman and CEO, the company ... Mar 29, 2021 ... Dallas, TX · Renato Giger, Senior Vice President & Interim Chief Financial Officer · Ramesh Murthy, Chief Accounting Officer · Hector Ruiz, Vice ... Dec 20, 2021 ... It's the latest shakeup of Canoo's executive ranks in a ... Canoo's priorities have been shifting along with the makeup of its leadership team ... Sheeran is former vice chair of the World Economic Forum, which hosts the annual Davos and Davos in China gathering of world leaders. In this position, she ... Canoe Leadership · image description. Jason Eiswerth. Chief Executive Officer. Learn More · image description. Mike Muniz. Chief Revenue Officer. Learn More. Jan 23, 2023 ... Canoo started production at the end of 2022. Courtesy of Canoo. It sounded like an audacious goal when Canoo CEO Tony Aquila announced near the ... Learn about Canoo Inc. (GOEV) stock's management team. Comprehensive performance, salary and tenure analysis for the CEO, board and leadership team. Feb 7, 2024 ... ... Executive Chairman, and CEO of Canoo. ... “As innovators and leaders, they will support Canoo and its team achieve our strategic growth objectives ..."
Canoo current product lineup,"200 MI RANGE**; UP TO 350 HP; 121 FT3 CARGO VOLUME. Fully electric, highly versatile and offering more utility inside and out for city explorers, ... PDUs, signals, service signals and diagnostic parameters are analyzed for the first time. CANoe Test Bench Edition. New product edition for test and production ... *VEHICLE FEATURES, SPECIFICATIONS AND PERFORMANCE METRICS ARE PROSPECTIVE, REFLECTING CURRENT ... RANGE CALCULATION METHODOLOGY. FINAL PRODUCTION VEHICLE ... Dec 1, 2022 ... ... product launches and the achievement of operational milestones ... current or anticipated customer orders, and expectations regarding the ... Jul 12, 2022 ... ... product launches and the achievement of operational ... current expectations of Canoo's management and are not predictions of actual performance. Nov 2, 2022 ... ... product launches and the achievement of operational milestones ... current or anticipated customer orders, and expectations regarding the ... Aug 14, 2023 ... ... product launches and the achievement of ... current or anticipated customer orders, and expectations regarding the development of facilities. Nov 14, 2023 ... ... product launches, and the achievement of operational milestones ... current or anticipated customer orders, and expectations regarding the ... Jan 31, 2024 ... ... product launches and the achievement of operational milestones ... current or anticipated customer orders, and expectations regarding the ... Aug 14, 2023 ... ... product launches and the achievement of operational milestones ... current or anticipated customer orders, and expectations regarding the ..."
Canoo vehicle performance specifications,"VEHICLE FEATURES, SPECIFICATIONS AND PERFORMANCE METRICS ARE PROSPECTIVE, REFLECTING CURRENT ENGINEERING AND DESIGN DIRECTION, MANUFACTURER SIMULATIONS AND ... Images and videos shown contain pre-production level vehicles. Final production vehicle features, specifications, and performance metrics are subject to change ... *VEHICLE FEATURES, SPECIFICATIONS AND PERFORMANCE METRICS ARE PROSPECTIVE, REFLECTING CURRENT ENGINEERING AND DESIGN DIRECTION, MANUFACTURER SIMULATIONS AND ... Expected output numbers read 300 hp and 332 lb-ft of torque, and Canoo is estimating 0-60 mph in 6.3 seconds. ... Canoo U.S. Army Light Tactical Vehicle First ... *VEHICLE FEATURES, SPECIFICATIONS AND PERFORMANCE METRICS ARE PROSPECTIVE, REFLECTING CURRENT ENGINEERING AND DESIGN DIRECTION, MANUFACTURER SIMULATIONS AND ... The Canoo Lifestyle Vehicle (LV) is a battery electric vehicle with multiple body styles sharing a common platform, including minivan, cargo van, ... Dec 17, 2020 ... [iii] Individual features available on select vehicles. [iv] Vehicle specifications and performance metrics are prospective, reflecting ... PERFORMANCE. • Top speed: 125 miles/ hour (electronically limited). DIMENSIONS & WEIGHT. • Length: 4421mm. • Width: 1896mm (without mirrors). • Height: 1846mm. Mar 10, 2021 ... Investor Relations Contact. IR@canoo.com. ¹ Individual features available on select vehicles ² Vehicle specifications and performance metrics ... May 17, 2021 ... * Targeted price ranges reflect current estimates and are subject to change. Anticipated vehicle specifications and performance metrics are ..."
Canoo target market demographics,"With deep customer insights in hand, we prioritized a target – 6 percent of the market – with the highest likelihood to buy an electric vehicle subscription. 1y Target Est, 1.88. Fair Value is the appropriate price for the shares of a company ... As the market shakes out, it's time to consider which EV stocks to avoid. Dec 15, 2021 ... ""Canoo is now in a position to issue guidance at a time when many others in the industry are reducing targets and projections. The Company has ... Aug 18, 2020 ... ... share the same ... targets the fast growing last-mile delivery market. Canoo's consumer go-to-market strategy capitalizes on changing consumer ... Nov 16, 2023 ... ... demographic of customer and demand. Prime Time Shuttle is licensed by the California Public Utilities Commission: First Class Transportation ... Market Cap $156.93M; Shares Outstanding 1.11B; Public Float 967.31M; Beta 0.83; Rev ... Canoo started at outperform with $4 stock price target at Wedbush. Jan. 5 ... Jul 19, 2023 ... Last month, Stifel Nicholas began covering Canoo with a Buy rating and a $1.50 target. ... Markets. Tradeweb Markets Reaches Analyst Target Price. Dec 18, 2023 ... Share. 123ridewithme. • 2mo ago. If that's the case, why is all of Canoo's recent marketing targeting the retail, off road demographic? Aug 14, 2020 ... CANOO 23 SIGNIFICANT OPPORTUNITY EXISTS Canoo's dual -pronged B2C / B2B strategy targets large markets that are primed for explosive growth 1. Dec 17, 2020 ... Electric-vehicle startup Canoo is targeting that demographic as it unveils its upcoming delivery vehicle lineup. Advertisement - Continue ..."
Canoo business model analysis,"Dec 1, 2022 ... ... business model that spans the full lifecycle of the vehicle. ... Analysis of Financial Condition and Results of Operations"" in Canoo's Annual ... Jul 14, 2022 ... ... analysis and demonstration. This contract supports the U.S. military's focus to ... business model that spans the full lifecycle of the vehicle. Jul 12, 2022 ... ... business model that spans the full lifecycle of the vehicle. Distinguished by its experienced team from leading technology and automotive ... Aug 14, 2023 ... ... business model that spans multiple owners across the full lifecycle of the vehicle. ... Analysis of Financial Condition and Results of Operations ... ... business model that spans the full lifecycle of the vehicle. Distinguished ... Analysis of Financial Condition and Results of Operations"" in Canoo's Annual ... Dec 1, 2022 ... ... business model that spans the full lifecycle of the vehicle. Distinguished by its experienced team from leading technology and automotive ... ... business model that defies traditional ownership to put customer first. Weaknesses. Brand valuation. Canoo is going public at a valuation of $2.4 billion in ... Jul 13, 2023 ... This article provides an analysis of Canoo's financial situation and how the company has managed to secure partnerships with the government. However, as the demographics of America's cities continue to evolve, Canoo's innovative business model needed to target the right urban consumers directly. Analyst Perspectives on Canoo (NASDAQ:GOEV): An Investment Evaluation. Dec 27, 2023 | Stock Analysis. Canoo Inc. (NASDAQ:GOEV), a company within the ..."
Canoo production and manufacturing facilities,"Nov 9, 2022 ... With a dedicated training center, Canoo's Vehicle Manufacturing Facility will employ more than 500 people and be equipped to ramp to a 20,000 ... Jan 8, 2024 ... ... manufacturing assets at dramatically reduced prices to scale production at its Oklahoma City facility. Canoo purchased a cache of manufacturing ... Apr 10, 2023 ... Canoo has entered into a long-term lease agreement with an affiliate of AFV Partners, a related party, for its recently announced Vehicle ... Aug 14, 2023 ... The Canoo electric vehicle manufacturing plant is located in West Oklahoma City. Canoo is engineering electric vehicles and leading the automotive world's transition to clean and sustainable energy. Aug 15, 2023 ... Electric-car maker Canoo said Monday that its operations in Oklahoma are gearing up to begin production and its plans to produce 20000 units ... Apr 4, 2023 ... Member BenefitsManufacturing ProductsIndustryWeek Best Plants Awards ... Electric carmaker Canoo will shift from R&D to focus more on ... May 9, 2023 ... The facility will produce Canoo's LDV and LV vehicles for delivery to customers later this year. ... The Vehicle Manufacturing Facility is the ... Nov 15, 2023 ... OKLAHOMA CITY – An electric vehicle startup's new production facility in west Oklahoma City is now operational, producing one automobile per ... On June 17, 2021, the company announced they would build a new factory in Pryor, Oklahoma (just outside Tulsa) to manufacture all of their future vehicles. The ..."
Canoo strategic partnerships and collaborations,"Jul 10, 2023 ... Canoo's agreement with DIU will be instrumental in achieving strategic energy resilience. Canoo has a battery module manufacturing facility ... Nov 15, 2021 ... ... strategies to prepare more Tulsans for technology-based jobs. ... partnerships and regional collaboration facilitated through Tulsa's Future. Jul 12, 2022 ... ... Canoo. “Walmart's massive store footprint provides a strategic advantage in today's growing 'Need it now' mindset and an unmatched ... Mar 7, 2021 ... The Conceptual Canoo Scoot Imagines a Strategic Partnership · 1. Food Delivery Scooter Redesigns - · 2. Collaborative Transportation Solutions - ... Aug 24, 2023 ... ... strategic partnership to help Canoo bring their vision for better ... partners, fostering collaboration and fueling innovation. How can ... Leveraging the design, engineering and collaboration power of the 3DEXPERIENCE platform, Canoo ... strategy and rapid implementation methods. For more ... Jan 25, 2023 ... PRNewswire/ -- Canoo (NASDAQ: GOEV), a high-tech advanced mobility company, today signed an exclusive agreement with GCC Olayan (General ... May 11, 2023 ... strategic partnerships like this position the Oklahoma-Arkansas ... Canoo, also based in the region. Tulsa contains one of the leading air ... Jul 10, 2023 ... Canoo's agreement with DIU will be instrumental in achieving strategic energy resilience. Canoo has a battery module manufacturing facility ... ... Canoo's proprietary skateboard design for upcoming Hyundai and Kia models. As part of the collaboration, Canoo will provide engineering services to help ..."
Canoo marketing and branding strategies,"In a 10-week span, Prophet tested attitudes on a yet-to-be-released product, leveraging its market insights and innovative strategy capabilities to develop a ... Feb 4, 2023 ... Get access to bite-sized brand and marketing strategy content right on your phone. Follow our Instagram: Copyright 2015 - 2024, Map & ... Jan 24, 2024 ... When I started as head of marketing and brand strategy at Canoo back in 2019, the vision was completely audacious. But I saw the potential, ... Oct 29, 2019 ... Matt Kerbel is the Head of Marketing & Brand Strategy at Canoo, a Los Angeles-based company creating electric vehicles available by ... Oct 26, 2023 ... ... strategies (how ... Kara Hosmer, M.S.. Program Director | Brand Strategy | Integrated Marketing | Amplifying Brands & Fueling Business Growth ✨. Matt Kerbel is In Charge of Brand Strategy at Canoo, a pre-launch electric ... Armed with more than a decade of marketing leadership roles for brands like ... ... market scrutiny of SPAC businesses ... where he was responsible for bringing together software and automotive talent with HR strategies and initiatives. Ted Chi, VP-Marketing Strategy & Digital Distribution at NBCUniversal, will go deep on the future of media and consumer engagement. We'll have panels on digital ... Jul 12, 2022 ... “Walmart's massive store footprint provides a strategic ... design, pioneering technologies, and a unique business model that spans the full ... Nov 2, 2022 ... “This is the first building block for Canoo's production ramp strategy, with more news coming very soon. The location has been strategically ..."
Canoo customer feedback and reviews,"Dec 1, 2022 ... The first official customer vehicles began rolling off this temporary line on November 17, bound for Walmart, NASA, and other fleet buyers. Canoo has an overall rating of 2.9 out of 5, based on over 121 reviews left anonymously by employees. 37% of employees would recommend working at Canoo to a ... Oct 25, 2022 ... A review of a pre-production Canoo prototype: How it feels to drive a Canoo Lifestyle Vehicle ... As soon as he said the ""spaceship"" sound it ... You can try to personalize things by changing the color of deck line, or you could paint something on the side. Or you could add a little pizazz to your boat ... Nov 24, 2023 ... The 2024 Canoo Lifestyle Vehicle rocks the boat in our first drive review ... Luciiiiiidddd! I hope Lucid makes it. ... That's the Canoo attitude. So poor customer service along with a rude guide is why I will never recommend this company. There are plenty of other outfitters on the Colorado and the ... Sep 10, 2023 ... Quality of build and attention to detail were obvious once we had it inflated. Its claimed weight is 50 pounds but it feels lighter and is ... Jan 24, 2022 ... KEY POINTS. STRENGTHS. The Bending Branches paddles here (Expedition Plus, Viper, and Java 11) are some of the lightest paddles on the market. Average Customer Ratings. Overall. 2.8 Overall, average ... Customer service says because it's an entry level canoe you can expect that. Jul 7, 2020 ... But even if you like it, you won't be able to buy one since it'll only be available as part of a subscription service. Canoo Jay Leno."
Canoo sales and distribution channels,"Mar 30, 2023 ... ... strategy in America's heartland,"" said Tony Aquila ... Signed exclusive distribution agreement with GCC Olayan for vehicles in Saudi Arabia. The company's product strategy aims to position it as a leader in the electric vehicle industry. Strategic Marketing Mix: Canoo Inc. has implemented a ... ... chain management, international logistics, transportation - distribution operations, environmental logistics, LEAN supply chain, production and inventory ... Jan 25, 2023 ... The first phase of the agreement is for the sale, distribution, service maintenance, and repair of Canoo vehicles. ... strategy; the effects of ... Sales, Support ... It is possible to observe sensor signals on the sensor bus as well as the distribution of the sensor signal in the vehicle network. Canoe Ventures | Enabling Addressability TV Advertising across Linear, Video On Demand, and Streaming for revenue optimization. Jul 13, 2022 ... Canoo recently moved its headquarters to Walmart's hometown ... Logistics Transportation & Distribution Automotive E-Commerce/Omni-Channel Retail ... Jul 12, 2022 ... Through their expansive last mile delivery network, Walmart can reach 80% of the U.S. population with same-day delivery on a growing assortment ... ... Business. Partner Management & Channel EnablementSales & MarketingSales Engagement · By STS News Desk On Jul 12, 2022. Walmart to Purchase 4,500 Canoo ... ... sales and distribution of their films. Canoe's model is based on the idea of ... distribution strategy. Objective. Canoe serves Producers and Rightsholders by ..."
Canoo revenue streams and financials,"Canoo has developed breakthrough electric vehicles that are reinventing the automotive landscape with bold innovations in design, ... Mar 30, 2023 ... (Nasdaq: GOEV), a high-tech advanced mobility company, today announced its financial results for the fourth quarter and ... Mar 30, 2023 ... Revenue. $ —. $ —. $ —. $ —. Costs and Operating Expenses ... Annual Report on Form 10-K for the fiscal year ended ... Aug 8, 2022 ... Canoo's financial results. While Canoo does have quite a ... opportunities to generate revenue for us with our new ... Aug 14, 2020 ... CANOO 17 THREE PHASES OF REVENUE STREAMS Canoo has a ... CANOO 50 CANOO FINANCIALS & TRANSACTION OVERVIEW. CANOO 51 ... Aug 27, 2022 ... Multiple sources told Fortune that they believed Alice Walton was also an investor in Canoo, though none of those ... Find annual and quearterly earnings data for Canoo Inc. Class A ... Financials · Earnings · P/E & PEG Ratios · Option Chain · Short ... Oct 31, 2022 ... Under the hood at EV company Canoo: Messy financials, high executive turnover ... streams, lift its members out of ... Jun 25, 2021 ... ... financial results. Evidencing the Company's ... Canoo Holdings was its three revenue streams: (i) engineering services;. By analyzing Canoo's financials, quarterly and monthly ... Determine Canoo's revenue streams: Identify Canoo's primary sources ..."
Canoo growth projections and forecasts,"Dec 15, 2021 ... Increase advanced manufacturing jobs in the communities that support us, and ... forecasts of financial and performance metrics, projections of ... (NASDAQ: GOEV) Canoo's forecast annual revenue growth rate of 1,295.92% is forecast to beat the US Auto Manufacturers industry's average forecast revenue growth ... See Canoo Inc. (GOEV) stock analyst estimates, including earnings and ... Growth Estimates, GOEV, Industry, Sector(s), S&P 500. Current Qtr. 68.00%, N/A, N/A ... The average target predicts an increase of 1,553.66% from the current stock price of 0.14. Analyst Consensus: Strong Buy. Target, Low ... Dec 11, 2023 ... These forward-looking statements include but are not limited to, statements regarding estimates and forecasts of financial and performance ... Canoo Forecast Revenue Growth. Data Unavailable. Analysts estimate an earnings ... * Canoo stock forecasts short-term for next days and weeks may differ from ... Jan 8, 2024 ... These forward-looking statements include but are not limited to, statements regarding estimates and forecasts of financial and performance ... View Canoo Inc. Class A GOEV stock quote prices, financial information, real-time forecasts, and company news from CNN. Nov 15, 2021 ... ... growth of the next generation of innovative companies,” said Tulsa ... forecasts of financial and performance metrics, projections of market ... Jul 12, 2022 ... These forward-looking statements include, but are not limited to, statements regarding estimates and forecasts of financial and performance ..."
Canoo competitive advantage and differentiation,"His investments in Canoo were based on his assessment of the company's competitive advantage: its industry unique focus on proprietary engineering and ... The difference between a kayak and a canoe is simple; it's the number of blades on the paddle and the athlete's position in the boat. In kayak, the paddler ... His investments in Canoo were based on his assessment of the company's competitive advantage: its industry unique focus on proprietary engineering and ... Dec 17, 2020 ... ... differentiated from larger and midsize delivery vehicles and trucks. ... This provides Canoo a significant competitive advantage as most of ... Development of new technologies: Canoo is developing new technologies, such as its modular platfonn, that could give it a competitive advantage. Threats: l ... Canoo Inc. (GOEV) has been strategically analyzing its marketing mix, particularly the 'Place' element, to ensure a competitive advantage in the market. The ... Your Advantages · Only one tool for all development and testing tasks · Easy automated testing · Extensive possibilities for simulating and testing ECU diagnostics ... Mar 7, 2021 ... ... Canoo delivery vehicle seems to offer some competitive advantages with respect to volume efficiency, payload, and is priced competitively. ... advantage to the competitors. joshua-rosen. Member. May 20, 2022 at 7:27 am. It's ... Canoo is a legitimate competitor to Aptera as it is a weekly popular form ... Canoo ($GOEV) on the other hand is in the news for their skateboard platform ... competitive advantage, while being able to differentiate the product enough ..."
Canoo sustainability initiatives,"Jan 25, 2023 ... ... efforts to tackle carbon emissions as well as to Saudi Vision 2030's sustainability goals.” Since 1947, GCC Olayan has been one of the ... Jul 12, 2022 ... Canoo's fully electric Lifestyle Delivery Vehicle (LDV) is an all-American commercial EV optimized for sustainable last mile delivery use cases. ... sustainable capital vehicle that invests ... where he was responsible for bringing together software and automotive talent with HR strategies and initiatives. Dec 31, 2023 ... ... sustainability initiatives. May your efforts toward a greener future continue to flourish, bringing positive change to our planet Here's to ... Feb 11, 2024 ... ... sustainability' efforts are recognized · Pressure grows on Biden to reverse his LNG moratorium ... Canoo | Electric Vehicles. Sheeran was an ... Feb 16, 2023 ... Also, in late-January 2023, a further US company, the California startup Canoo ... The Saudi Green Initiative provokes sustainability in The ... Climate Resiliency Strategy · Environmental Stewardship Report · Thriving Environment Initiative · Vegetation Management Plans · Recreation Plans & Reports. Jan 25, 2023 ... ... efforts to tackle carbon emissions as well as to Saudi Vision 2030's sustainability goals."" Additionally, Canoo and GCC Olayan will also ... Jan 26, 2023 ... ... efforts to tackle carbon emissions as well as to Saudi Vision 2030's sustainability goals.” Back home, Canoo is still ramping up production ... Jan 25, 2023 ... ... efforts to tackle carbon emissions as well as to Saudi Vision 2030's sustainability goals."" Since 1947, GCC Olayan has been one of the ..."
Canoo research and development efforts,"Nov 15, 2021 ... ... effort and energy into computer science education and workforce training and development in recent years,” Governor Hutchinson said. “As a ... May 17, 2021 ... UW-Madison's College of Engineering is leading the effort on behalf of the university. In addition to a research partnership, Canoo will develop ... Nov 15, 2021 ... Canoo is driving innovation in vehicle design, engineering and software development. Located in Tulsa, the R&D and software centers will support ... Nov 15, 2021 ... Canoo announced it will expand its Oklahoma partnership to include new R&D, software development and customer support and financing centers. Nov 15, 2021 ... The greater Tulsa region is fast emerging as a center of electric vehicle research, development and manufacturing power. ... efforts to attract ... Canoo Inc. is an American automotive company based in Torrance, California, that develops and manufactures electric vehicles. Canoo's research & development ... Nov 14, 2023 ... Our cash flows from operating activities are significantly affected by the growth of our business primarily related to research and development ... Mar 10, 2022 ... Canoo is particularly excited about the proposed ... We are confident that these efforts will result in the development of a research and. Mar 31, 2021 ... ... development of a Canoo Research Center at the University of Wisconsin-Madison. The center will advance research in electric propulsion ... Nov 16, 2021 ... ... research, development, and manufacturing power. Canoo has selected Bentonville, AR as its headquarters and will establish an R&D center and ..."
Canoo innovation pipeline and upcoming products,"Canoo is engineering electric vehicles and leading the automotive world's transition to clean and sustainable energy. Jul 12, 2022 ... The company has developed breakthrough electric vehicles that are reinventing the automotive landscape with bold innovations in design, ... Aug 8, 2022 ... “We have more than $1 billion in our sales pipeline which includes our recently announced commercial order. ... future results will be unaffected ... Canoe has redefined the future of alternative investments with cloud-based, machine learning technology for document collection, data extraction and data ... Aug 8, 2022 ... ""We have more than $1 billion in our sales pipeline which includes our recently announced commercial order. ... future results will be unaffected ... ... pipelines to enable delivery of new Canoe data products; Collaborate closely with Product Management to identify opportunities for innovative data offerings ... Mar 1, 2022 ... How often does Old Town launch new products? ... It's something we have had to learn how to do well to keep the strategic innovation pipeline ... May 10, 2022 ... ... pipeline; Selected by NASA for Artemis ground crew transportation ... future results will be unaffected by unusual or non-recurring items. Jul 16, 2023 ... Canoo, DoD Defense Innovation Unit expand partnership to develop new high-power battery pack further ... pipeline capacity associated with ... Jun 7, 2023 ... Today, Woory not only maintains its traditional product lines but is also concentrating on the development of new products for electric vehicles ..."
Canoo investor relations and stock performance,"Canoo has developed breakthrough electric vehicles that are reinventing the automotive landscape with bold innovations in design, pioneering technologies, ... AboutCareersFAQInvestor · LegalPrivacyCookies. CANOO © 2024 All rights reserved ... You control the use of other cookies such as performance, functional ... Canoo Inc. Back to Canoo.com. Investor Relations. Investor Relations. Investors ... You control the use of other cookies such as performance, functional ... Nov 14, 2023 ... ... share are beneficial to an investor's complete understanding of our operating performance. ... Investor Relations: IR@canoo.com. Media Contacts ... Canoo Inc. Back to Canoo.com. Investor Relations. Investor Relations. Investors ... You control the use of other cookies such as performance, functional ... Jul 12, 2022 ... ... investor, chairman and CEO of Canoo. “Walmart's massive store ... Canoo's management and are not predictions of actual performance. These ... Oct 2, 2023 ... ... investor, for an investment of $45 million. Canoo and the investor agreed to work together in good faith to negotiate one or more additional ... May 10, 2022 ... ... stock-based compensation and depreciation) of: $95 million to $115 ... investor's complete understanding of our operating performance. We ... Nov 9, 2022 ... ... investor's complete understanding of our operating performance. We ... Canoo has entered into a $45 million Convertible Preferred Stock ... Aug 8, 2022 ... ... investor's complete understanding of our operating performance. We ... Relations website at investors.canoo.com or the SEC's website at www ..."
Canoo corporate social responsibility initiatives,"Jun 23, 2023 ... ... responsibility and sustainable practices will not only ... Her portfolio includes business strategy, social enterprise, and culture building. GoPro's 2023 Sustainability Snapshot: Sharing Our Progress on Corporate Social Responsibility Initiatives. Jul 24, 2023. GoPro's FY23 Sustainability ... ... Company, Inc., as well as other boards and investment firms. Hector Ruiz. General Counsel and Corporate Secretary. Hector has served as General Counsel and ... Alternative investment technology trusted by 250+ firms to automate document and data workflows and guide the industry forward. Sustainable Development Goals and the Global Reporting Initiative, for guidance as we work to mature our strategy and future reporting. PetSmart CSR Report ... Jun 17, 2021 ... Justin, TX – (June 17, 2021) – Canoo (Nasdaq: GOEV), a company manufacturing breakthrough electric vehicles (EVs) today announced Oklahoma ... May 11, 2022 ... We are proud of our impact on society through technology acceleration and furthering our Corporate Social Responsibility (CSR) initiatives. Corporate Social Responsibility. Home. Our commitments. Expand opportunity ... initiative to reduce water stress by 2050. We're building on this foundation ... ... sustainability and social responsibility initiatives. This effort is designed ... The Canoe Divisions has won a total of 655 medals. Canoe Branch 2020 Activities. Jan 25, 2023 ... Justin, TX and Riyadh, Saudi Arabia – (January 25, 2023) Canoo (NASDAQ: GOEV), a high-tech advanced mobility company, today signed an ..."
Canoo supply chain management and logistics,"Jun 29, 2021 ... ... production, logistics and supply chain operations, including for Fiat ... Gestamp redefines supply chain management for industry 4.0. 13 ... ... supply chain management & logistics processes. Mohit is a quick learner and does not shy away from tackling planning & operational challenges, works closely ... As the SCM Operations Manager for Canoo OKC Supply Chain Management Material ... Work with Production Control, Material Planning, Logistics, Production, and ... ... supply chain management or logistics. The ideal candidate will have a track record of success in logistics, the ability to plan and make decisions quickly ... Jul 13, 2022 ... SC Finance & Revenue Management · SC Planning & Optimization · Sourcing/Procurement/SRM · Supply Chain Visibility · Transportation Management. Jul 12, 2022 ... ... Canoo's management and are not predictions of actual performance. These ... California Supply Chains Act · FAQs · Contact · Policies · Terms of ... Canoo is engineering electric vehicles and leading the automotive world's transition to clean and sustainable energy. Jul 18, 2022 ... Dive Brief: Electric vehicle startup Canoo is barred from entering into a deal with Amazon as part of its agreement with Walmart to supply the ... Jul 26, 2021 ... ""She brings vast experience in US and global negotiations, supply chains ... logistics serving more than 90 nations faced with disasters and wars. Supply Chain Management is a critical function in support of Canoo's ... Partner & Work with Production Control, Material Planning, Logistics, Production ..."
Canoo quality control and assurance processes,"Develop standard work for implementing in-process inspection points to ensure customer quality. ... Work with Supplier Quality Assurance function to reduce the ... Feb 23, 2022 ... In addition, Supplier shall implement, at its expense, containment, inspection, sorting, and other quality assurance procedures if Canoo ... Sep 6, 2022 ... Present the team's project management scheme and planning process ... Discuss the quality control and quality assurance (QA/QC) practices as they ... May 30, 2023 ... ” In addition to the actual mixing process, the lead is responsible for quality control and assurance. The canoe's design has to meet all of ... ... canoe that encompasses all the innovative methods and lessons learned from the first prototype. Quality Assurance & Quality Control One team member was in ... Sep 29, 2023 ... Lab Operations Manual: Contains the methods for sample analysis; Quality Assurance Project Plan: Identifies the quality control measures in ... Jan 27, 2023 ... -Made COVID Safety plans for canoe construction -Quality Assurance and quality control plan development for the canoe placing day -Develop ... Jan 1, 2023 ... Discuss methods of quality assurance and quality control. Provide the total person hours required to complete the project. Include a ... Quality Assurance Engineer. BRP. Dec 2014 - Jul 2015 8 months. BRP Queretaro. Managed P ... Quality Control Intern. AptarGroup, Inc. Jun 2012 - Aug 2012 3 months. Understand construction quality assurance and control. Understand construction project control processes. Understand the legal implications of contract, common, ..."
Canoo employee satisfaction and workplace culture,"Oct 7, 2022 ... not many employees are willing to risk their job speaking out, especially with mandatory non-disclosure agreements. Upvote Hire and Fire Culture: Job security is a foreign concept here. The company ... How satisfied are employees working at Canoo? 37% of Canoo employees would ... The Canoo culture rewards bold and smart risk taking—trying, failing, trying again, and again, and again until we get it right. We are inspired each and ... Nov 6, 2023 ... To provide a mix of experience and perspective on the Board, the Nominating and Corporate. Governance Committee also takes into account ... Reviews from Canoo employees about Canoo culture, salaries, benefits, work-life balance, management, job security, and more. Aug 26, 2021 ... We seek to work in harmony with nature on our campus and inside our facility. Creating a sustainable mobility future for all requires outlier ... Aug 18, 2020 ... PRNewswire/ -- Canoo Holdings Ltd. (""Canoo""), a company developing breakthrough electric vehicles (EV) from the ground up, and Hennessy ... Nov 28, 2023 ... ... company's workplace culture, policies, and employee feedback. Sgt ... employee satisfaction and engagement within the organization. ""We are ... Dec 13, 2023 ... As a global authority on workplace culture, Great Place To Work has ... workplace that values diversity, innovation, and employee satisfaction. Oct 11, 2023 ... ... culture of open communication and employee satisfaction, ultimately boosting productivity and retention. ... work-life balance, companies can ..."
Canoo regulatory compliance and legal issues,"Feb 23, 2022 ... Compliance with Law. Supplier shall comply with all applicable laws and regulations and shall obtain all applicable permits and licenses ... Mar 30, 2023 ... Risks Related to Environmental, Regulatory and Tax Matters ... regulations substantially increase our legal and financial compliance costs and ... Dec 17, 2020 ... legal standards and standards specified by Canoo;. (viii) keep and ... (b) Seller shall issue an invoice to Canoo on or any time after acceptance ... Aug 15, 2023 ... ... issues, advising business on regulatory/legal/compliance matters and driving strategic program initiatives; Outstanding written and verbal ... Dec 31, 2022 ... Canoo will continue to support laws, regulations and policies that enable ... legal or regulatory requirements, or other similar problems. In ... Apr 25, 2021 ... This Legal Update examines the evolving regulatory landscape for ... In addition to cases alleging violations of federal securities laws, de ... Please call the FWC's Boating Safety Section at 850-488-5600 for annual updates to this information or questions regarding boating safety course requirements. Dec 17, 2020 ... These class 1 vehicles carry the same stringent regulatory and crash testing requirements that passenger cars are subjected to. Canoo's ... Frequently Asked Questions. Where Can I Find Information on Indiana's Boating Laws? ... canoe or small watercraft at some time during the year. ... © Wisconsin Department of Natural Resources | Site requirements | Accessibility | Legal | Privacy | ..."
Canoo community engagement and outreach programs,"University-Assisted Community Schools · group of students in volunteachers ... Community Engagement. UPCOMING EVENTS. Feb. 13. Lab Safety Awareness Week. 9:30 ... This grant program encourages outreach, community engagement activities, and ... programs about how to identify storm water issues and develop “best ... Jul 14, 2016 ... ... outreach programs, including canoe tours for the public during each stop. ... 12:00-4:00 pm: Public Engagement and Canoe Tours to follow Ceremony ... Oct 11, 2021 ... Unfinished canoe being built in wood and carved by a Marshallese community member. 6 Fall Programs Building Community Through Art. Oct 11 ... In addition to offering kayak and canoe rentals during the summer season, the ... programs and provide even greater community access. Learn more about the ... Community Engagement & Outreach Programs · Community members meeting. The goals ... canoe. Underwater, tropical coral gardens teem with marine life, including ... ... program partnerships and programs. These three levels of ... communities (or groups or individuals within communities) respond to community engagement efforts. Apr 19, 2018 ... Donated a car to the National Inland Canoe Fishermen Council. Community Engagement Programs. Management and CSR team meet regularly with the ... Principles of Community Engagement (Second Edition) provides public health professionals, health care providers, researchers, and community-based leaders ... Her research interests include EHL, public perceptions of environmental health, program evaluation, and effective science communication strategies. Advisory ..."
Canoo brand perception and reputation,"Mar 30, 2023 ... strengthen the Canoo brand, and our brand and reputation could be harmed by negative publicity regarding Canoo or our EVs. Our business and ... Aug 21, 2021 ... Once you've taken the time to build a brand reputation the immediate ... When I started as head of marketing and brand strategy at Canoo back in ... Dec 31, 2022 ... ... brand and reputation could be harmed by negative publicity regarding Canoo or our EVs. ... consumer perceptions and confidence in the Canoo brand. Under this method of accounting, Hennessy Capital will be treated as the acquired company and Canoo will be treated as the acquirer for financial statement ... Dec 23, 2023 ... When I started as head of marketing and brand strategy at Canoo back in 2019, the vision was completely audacious. But I saw the potential ... Jul 13, 2023 ... Adopting Canoo electric vehicles in corporate fleets enhances a company's brand image and reputation. Customers, employees, and stakeholders ... Jan 23, 2023 ... OPs point is that outside of Reddit people perception is very different, in fact most car companies don't have great reputations. Mercedes is ... Sep 6, 2017 ... My own biased perception is the aluminum canoes are ... The reputation requirement helps protect this question from spam and non-answer activity. Feb 3, 2022 ... ... perception of that brand. Those of us saying we're using old ... r/canoo icon. r/canoo · Motortrend article about Apple Icar that mentions Canoo. ” We are proud to partner with a bold company like Canoo. Steel is, and will ... reputation; 'amber' if there are significant issues but these are currently ..."
Canoo public relations and media coverage,"Canoo has developed breakthrough electric vehicles that are reinventing the automotive landscape with bold innovations in design, pioneering technologies, ... Electric Vehicle-maker Canoo's up-to-date media center for the latest press releases, photos, videos, company information, and more. Jul 12, 2023 ... Mission Accomplished: Canoo Delivers Crew Transportation Vehicles to NASA for Artemis Missions. (PRNewsfoto/Canoo). News provided by. Canoo. ... media coverage of the 75th anniversary running of this great race: The Consumers ... For more urgent requests, please contact our Public Relations Representative Aug 14, 2023 ... PR Newswire: news distribution, targeting and monitoring · Send a Release · ALL ... For Public Relations · For IR & Compliance · For Agency · For ... The AuSable River Canoe Marathon on Social Media: #HupAllNight @ausablemarathon ... For more urgent requests, please contact our Public Relations Representative Canoo is engineering electric vehicles and leading the automotive world's transition to clean and sustainable energy. Nov 20, 2023 ... Enter the world of public relations agencies, whose expertise in media relations ... cover all aspects of your brand's communication needs. Some ... Dec 17, 2020 ... ... media pages, software applications, email communications, or other digital services (the “Site”), as well as offline. By providing ... Dec 1, 2022 ... ... Canoo's public relations department would make a big splash around the milestone. ... media publications covering the event. Canoo has certainly ..."
Canoo market share analysis and competitors,"Jul 12, 2023 ... Several analyses, including the Porter's 5 forces analysis, tappet analysis, competitive analysis, manufacturing cost analysis, sales and ... Analyze market data: Research Canoo's industry and market trends, including the size of the market, growth rate, and competition. Establish Canoo's growth ... Jul 25, 2023 ... ... competitive landscape analysis, and key regions development status. Development policies and plans are discussed as well as manufacturing ... Jul 12, 2022 ... ... market strategy and manufacturing strategy; the effects of competition on ... Analysis of Financial Condition and Results of Operations"" in ... Nov 15, 2021 ... ... market share, expectations and timing related to commercial product ... Analysis of Financial Condition and Results of Operations” in Canoo's ... ... analysis. Here are ... Analyze Canoo's main competitors, including their market share, products or services offered, pricing strategies, and marketing efforts. Nov 9, 2022 ... Preferred stock, $0.0001 par value; 10,000 authorized, no shares issued and outstanding at ... Analysis of Financial Condition and Results of ... Dec 1, 2022 ... ... analysis & demonstration in fulfilment of the contract awarded in ... market, financial, political and legal conditions; Canoo's ability to ... Analyst Perspectives on Canoo (NASDAQ:GOEV): An ... In comparison to its competitors, Canoo's current market valuation may reflect a disconnect between its intrinsic value and market price. The canoe and kayak market competitive landscape provides details by competitor. Details included are company overview, company financials, revenue generated, ..."
"Canoo SWOT analysis (Strengths, Weaknesses, Opportunities, Threats)","... Strengths, Weaknesses, Opportunities, and Threats of a company. Here is a SWOT ... Bard: Sure, here is a SWOT analysis for Canoo. Strengths: l . Innovative ... Innovation One of the key strengths of Canoo is continuous innovation ... One of the key threats to Canoo is the market penetration by other brands in the EV. Jan 24, 2024 ... ... SWOT analysis i.e. Strength, Weakness, Opportunities and Threat to the organization and others. Get a sample copy of the Canoe & Kayak ... SUMMARY OF LWRP INVENTORY / ANALYSIS: STRENGTHS, WEAKNESSES, OPPORTUNITIES, THREATS (SWOT) BY FOCUS AREA ... New kayak/canoe/crew opportunities. GVP redevelopment. Explore the SWOT analysis template to craft an impactful strategy! Discover the strengths, weaknesses, opportunities, and threats of your canoe and kayak ... Jul 2, 2018 ... The info contained in the matrix was then used to create SWOT (Strengths, Weakness, Opportunities, and Threats) Analysis for each proposed ... Perform a SWOT analysis online to explore personal or business strengths, weaknesses, opportunities, & threats. Try Cacoo for a free SWOT chart template! Apr 21, 2020 ... Strengths, Weaknesses, Opportunities & Threats (SWOT) Analysis. The department embarked on an internal and external data collection process ... Dec 7, 2006 ... SWOT ANALYSIS. Strengths. Weaknesses. Opportunities. Threats. Page 6. A. Anil Kumar/Physics Retreat/Fall 2006. STRENGTHS. •. Qualified and ... The SWOT analysis involves identifying the company's strengths, weaknesses, opportunities, and threats, while the. PEST analysis focuses on analyzing external ..."
Canoo growth strategy and expansion plans,"Oct 2, 2023 ... Canoe Intelligence announces five strategic senior hires to support ... Team growth supports Canoe's global business and product expansion plans ... Sep 21, 2023 ... The Pawnee Nation is focused on the continued development of its alternative fuel energy strategy and shift toward electrification within its ... Dec 15, 2021 ... Forward-looking statements may be identified by the use of words such as ""estimate,"" ""plan,"" ""project,"" ""forecast,"" ""intend,"" ""will,"" ""expect,"" ... Nov 15, 2021 ... ... expansion in Oklahoma, including an R&D center and a software development center that will bring at least 375 high paying jobs to Tulsa with ... Sep 21, 2023 ... The Pawnee Nation is focused on the continued development of its alternative fuel energy strategy and shift toward electrification within its ... Jul 12, 2022 ... While the LDV is expected to begin hitting the road in 2023, the companies plan to kick off advanced deliveries to refine and finalize vehicle ... Sep 24, 2020 ... In addition, forward - looking statements reflect HCAC's and Canoo's expectations, plans ... CANOO 22 DELIVERY VEHICLE DEVELOPMENT STRATEGY 1. Feb 7, 2024 ... ""As innovators and leaders, they will support Canoo and its team achieve our strategic growth objectives and increase our market penetration. strategy; the effects of competition on Canoo's future business; and those factors ... accommodate Canoo's ambitious growth plans. Strategic location for ... Canoo has developed a breakthrough EV platform, or skateboard, purpose-built to be highly modular and to facilitate rapid development of multiple vehicle ..."
Canoo customer acquisition and retention strategies,"Jan 24, 2024 ... When I started as head of marketing and brand strategy at Canoo back in 2019, the vision was completely audacious. But I saw the potential, ... Nov 15, 2021 ... ... strategies to prepare more Tulsans for technology-based jobs.” ... customer orders, and expectations regarding development of facilities and the ... Dec 17, 2020 ... ... customer service. We may also contact you to ask for your feedback ... These deals can include any merger, financing, acquisition, or bankruptcy ... Nov 18, 2022 ... SaaS businesses are always trying to acquire new customers, but new customer acquisition is only half of the equation. Mar 30, 2023 ... ... practices into our corporate recruiting, onboarding and long-term retention strategies. ... Customer retention will also be largely dependent on ... ... strategy, optimizing the client lifecycle, and growing net retention. Prior ... Her responsibilities include strategic talent acquisition, leadership ... Develop Canoe's People strategy across all areas of HR, serving as a subject matter expert on all aspects of People, including talent acquisition, talent ... Dec 5, 2023 ... Analytics presents a unique opportunity to revolutionize customer acquisition and retention strategies while optimizing operations. By ... ... Canoo will be able to secure future business with customers. It is difficult ... acquisition through wrap and product partnerships with premium consumer ... Jan 7, 2024 ... ... customer retention strategies or reevaluate the cost-effectiveness of acquisition channels. Long-term Business Growth: Understanding CLV in ..."
Canoo product development roadmap,"Dec 15, 2021 ... ... product launches and achievement of other operational milestones ... development of facilities and the negotiation, availability or receipt of ... ... Canoo app development, including the product roadmap, product backlog, and feature prioritization, as well as assisted with the business development and ... ... Planning | Product Development | Product Roadmap | Portfolio Strategy | Business Development | SaaS | Agile Development | Marketplace Platforms Domain ... Had the ability to act as a consultant that could help plan, build, and execute a product roadmap for future app iterations; Leveraged an agile end-to-end ... Jan 30, 2023 ... Rishav Kumar. Product Management | Go-To Market | Product Launch | Strategy | Roadmap ... https://www.canoo.com/mpdv #Canoo #ElectricVehicles # ... Develop a comprehensive roadmap for implementing robotics and automation technologies within the BIW manufacturing processes. · Collaborate with stakeholders to ... Nov 8, 2021 ... The engineering services AVL will provide Canoo with include software development ... Canoo's Lifestyle Vehicle – its first product to market ... Canoo's mission is to bring EVs to Everyone and build a world-class team to deploy this sustainable mobility revolution. We have developed breakthrough electric ... ... design and development of advanced high voltage Battery Systems. Lead with aggression, guile, and decisiveness Develop long term roadmap and strategy for ... Make the impossible, possible in Jira. Plan, track, and release world-class software with the number one project management tool for agile teams."
Canoo international market penetration strategy,"Oct 2, 2023 ... ... foreign strategic institutional investor, for an investment of $45 million. ... market, financial, political and legal conditions; Canoo's ... Hector has served as General Counsel and Corporate Secretary since April 2021 and as Vice President, Global Strategy, Tax Counsel & Treasury from January 2021 ... Oct 2, 2023 ... ... foreign strategic institutional investor, for an investment of $45 million. Canoo and the investor agreed to work together in good faith to ... Oct 20, 2020 ... ... development. By leveraging my public markets experience, access to a global network of board members and executives and a track record of ... Nov 2, 2023 ... The global Canoe market is on track to achieve remarkable growth, with a magnificent During the forecast Period. Browse Detailed TOC of Canoe ... Jan 31, 2024 ... ... strategic move to support global expansion, product development, and enhance Canoe's core platform. Noel Calhoun, Chief Technology Officer ... Jan 11, 2024 ... Canoe & Kayak Market Trend 2024, Analysis, growth, share, Status and Forecast 2031 According to 360 Market Updates the global Canoe & Kayak ... Feb 11, 2024 ... ... strategic growth objectives and increase our market penetration.” ... She's led marketing and advocacy initiatives for global organizations ... ... development of facilities. These statements are based on various ... market adoption of Canoo's offerings; risks related to Canoo's go-to-market strategy ... Feb 7, 2024 ... ... Canoo and its team achieve our strategic growth objectives and increase our market penetration. ... marketing and advocacy initiatives for global ..."
Canoo market research and consumer insights,"Aug 24, 2023 ... Exploring the Dynamics of the Canoe & Kayak Market: An In-Depth Market Research Report"" This comprehensive market research report delves ... Through thorough research into electric car marketing and customer subscription preferences, Prophet identified six potential customer archetypes. In a 10-week ... Aug 28, 2023 ... The ""Canoe & Kayak Market"" research report 2023 offers a comprehensive and detailed analysis of the industry segmentation based on Types ... To fulfill that vision – and an ambitious go-to-market target of 2021 – Canoo relies on Dassault Systèmes' 3DEXPERIENCE® platform on the cloud as its global ... Canoe has redefined the future of alternative investments with cloud-based, machine learning technology for document collection, data extraction and data ... Dec 17, 2020 ... The Big Five in action. The is a strong connection between data and psychology. It exists in politics, marketing, human resource management, ... Research that delivers an independent perspective, consistent methodology and actionable insight ... As the market shakes out, it's time to consider which EV ... Data Bridge Market Research report on canoe and kayak market provides analysis and insights ... customers with data and analysis that match and suits their goal. Find the latest Canoo Inc. (GOEV) stock quote, history, news and other vital information to help you with your stock trading and investing. Feb 4, 2023 ... Map & Fire. Services · Brand Strategy · Customer & Market Research · Copy ... Let's look at the execution of their brand rollout to see what ..."
Canoo technology partnerships and acquisitions,"Solera is an automotive technology company, that Tony founded with GTCR as his capital partner. ... acquisitions during his tenure, it employed 7,000 people in ... Aug 18, 2020 ... ... Merger With Hennessy Capital Acquisition Corp IV. 2.jpg ... technology that has already been validated by key partnerships such as with Hyundai. ... partners in its proprietary market leading EV platform and underlying technologies. Canoo is efficiently allocating capital by leveraging this platform and ... Jan 13, 2021 ... ... acquisitions which significantly expanded Solera's total addressable ... In addition, Aquila is the founder of AFV Partners, a global technology ... Sep 21, 2023 ... PAWNEE NATION AND CANOO PARTNER FOR CLEAN TECHNOLOGY JOBS AND GROWTH. Under the Historic Agreement, Pawnee Tribal Officials and Canoo Will ... Sep 21, 2023 ... PRNewswire/ -- Canoo Technologies (NASDAQ: GOEV) announced today that it has established an agreement with the Pawnee Nation, ... Jan 12, 2021 ... “Canoo doesn't openly comment on strategic discussions, relationships or partnerships ... Acquisition Corp. IV, later in the year. It was one of ... Aug 18, 2020 ... ... technology that has already been validated by key partnerships such as with Hyundai. HCAC has an abiding commitment to sustainable technologies ... May 15, 2022 ... But a potential acquisition target has emerged that could help Apple's project even more: Canoo. ... technology and other vehicle components ... Jul 10, 2023 ... PRNewswire/ -- Canoo Technologies (NASDAQ: GOEV), an advanced mobility company, announced today that the U.S. Department of Defense's ..."
Canoo intellectual property portfolio,"Jan 13, 2021 ... Aquila is an inventor with 100+ patents, a proven Permanent Capital Investor ... intellectual property, and trade capacity building. Most recently ... Nov 14, 2023 ... ... intellectual property portfolio; and. • continue to operate as a public company. We require substantial additional capital to develop our EVs ... Dec 27, 2022 ... In a 58-page lawsuit filed December 22, EV startup Canoo alleges several former employees stole intellectual property for their new company. •obtain, maintain, expand and protect our intellectual property portfolio; and ... Canoo Technologies is also required to pay the property taxes on the facility. The strong R&D helped in building strong Intellectual Property as Canoo has ongoing various patents applications on its innovations. One System Various ... Dec 29, 2022 ... “This is a case of corporate espionage by a group of serial grifters who infiltrated Canoo to steal its intellectual property (including its ... May 18, 2022 ... ... intellectual property, allowing it to raise additional funds to continue its vehicle launches. He also said he still expected Canoo to build ... Oct 25, 2021 ... ... IP portfolio that Panasonic can't just give out to anyone. It's also unknown if Canoo would even find the 4680 to be valuable based on how ... Dec 28, 2022 ... My portfolio. My portfolio · My watchlist. News. News · Stock market · Economic ... capital, trade secrets, and other intellectual property.”. Nov 8, 2021 ... “Creating IP is a critical component of our proposition to providing value, safety and efficiency to our customers,” said Tony Aquila, Investor, ..."
Canoo risk management strategies,"Dec 20, 2021 ... ""Having the right team to execute that strategy is, of course, key to our success. ... Risk Factors"" and ""Management's Discussion and Analysis of ... Jul 12, 2022 ... Many actual events and circumstances are beyond the control of Canoo. These forward-looking statements are subject to a number of risks and ... Oct 2, 2023 ... ... strategy; the effects of competition on Canoo's future business, and those factors discussed under the captions ""Risk Factors"" and ""Management's ... ... strategy; the effects of competition on Canoo's future business, and those factors discussed under the captions “Risk Factors” and “Management's Discussion ... Nov 2, 2022 ... ... management system and thermal control technology for our MPP ... Risk Factors” and “Management's Discussion and Analysis of Financial ... Oct 2, 2023 ... Many actual events and circumstances are beyond the control of Canoo. These forward-looking statements are subject to a number of risks and ... Dec 11, 2023 ... Many actual events and circumstances are beyond the control of Canoo. These forward-looking statements are subject to a number of risks and ... Mar 30, 2023 ... ... Canoo's management and are not predictions of actual performance. ... There may be additional risks that Canoo does not presently know or that ... Oct 11, 2022 ... ... plan with the broader market shortly,” said Tony Aquila, Chairman ... Risk Factors” and “Management's Discussion and Analysis of Financial ... Nov 15, 2023 ... cybersecurity risk management strategies. Strengthened resiliency in ... These zero-emission vehicles, manufactured by Canoo Technologies. Inc ..."
Canoo corporate governance practices,"Governance at a Glance ; Thomas Dattilo. Audit. Compensation. Nominating and Corporate Governance ; James Chen. Mar 15, 2021 ... ... companies and has deep experience in business, finance and corporate governance. ... practices, and your privacy rights.Cookie Policy. Manage ... Nominating and Corporate Governance Committee Charter · Download Nominating ... practices, and your privacy rights.Cookie Policy. Manage Preferences Reject All Jul 26, 2021 ... ... Corporate Governance Committee and the Compensation Committee until today's announcement. The company is actively working to fill this role. ... companies and has deep experience in business, finance, and corporate governance. ... practices, and your privacy rights.Cookie Policy. Manage Preferences Reject ... Apr 22, 2021 ... ... Company's Compensation Committee and Nominating and Corporate Governance Committee. “I am fortunate to have already been working with the ... ... Corporate Governance section of the Company's website at investors.canoo.com. ... The Corporate Governance Guidelines set forth the practices the Board intends ... David practices general business and corporate law, representing both emerging and public companies ... corporate governance matters. He routinely represents ... We believe bold environmental, social, and governance (ESG) leadership is the ... practices. Canoo is also working with universities and supporting national ... He also advises clients with respect to corporate governance matters. In his ... IV in its US$2.4 billion business combination with Canoo Holdings Ltd., a ..."
Canoo crisis management and contingency plans,"The ACP supersedes the Alaska Federal/State Preparedness Plan for Response ... crisis in video and photos that can be used by the response organization as. 43. ... Crisis Action Planning Team. JCC. ▫ Jewish Community Center. ▫ Joint Coordination Center ... Management by Objectives. MBOP. Mobile Communications Office ... Aug 23, 2023 ... These hazards and risks are outlined in both State and County emergency management documents found in the. Reference section. Combining these ... ... Contingency Plan (National Contingency Plan or NCP). DOI's Roles in Emergency Response to Oil Spill and Hazardous Substances Releases. DOI's roles in ... Management for all facets of Contingency and Disaster Recovery planning, exercises, and actual ... Owns a small un-powered boat or canoe. 000573 epic.org. EPIC-18 ... o Prepare an overall risk management plan; it may be appropriate to appoint a risk management ... procedures, and contingency plans for medical emergencies and ... Jun 26, 2018 ... Federal Emergency Management Agency (www.fema.gov/plan) - FEMA's “Plan Ahead” site offers information on the range of natural and manmade ... County Local Emergency Planning Committees (LEPC) develop Emergency Response Plans for local emergency planning districts and review it at least annually. Aug 31, 2023 ... Use of water to wash down buildings or structures for purposes other than immediate fire protection. Use of water for dust control. Flushing ... Disaster planning and support, Sub-area Contingency Planning support, and State Hazard Mitigation planning for the department, and; Emergency Planning ..."
Canoo workforce diversity and inclusion efforts,"Sep 21, 2023 ... ... efforts and initiatives, so our resources remain available ... diversity, equity, and inclusion within the workforce, education, and training. Sep 21, 2023 ... ... efforts and initiatives, so our resources remain available ... diversity, equity, and inclusion within the workforce, education, and training. We know that a diverse workforce and an inclusive corporate culture matters to our clients. ... Through our supplier diversity efforts, we work with a variety of ... Maintains NSA's Special Emphasis Programs and Employee Resource Groups (ERGs), including the continuing Affirmative Action Program to promote equal opportunity ... ... diversity and inclusion efforts in fellowship and scholarship programs ... diverse workforce contributes to a broadening of perspectives for Sea Grant programs,. Sep 19, 2022 ... Too often, diversity is mistaken for inclusion in the workplace. ... Such efforts must often begin with leadership. Diversity goals are a valiant ... ... diversity & inclusion, and employee engagement; Be an advisor and business partner to the executive leadership team regarding all people matters to execute ... Inclusion. Inclusion is the act of connecting employees to our respectful workplace by encouraging collaboration and fairness so that everyone feels they can ... Sep 22, 2023 ... ... diversity, equity, and inclusion within the workforce, education, and training,” Kanuho said. Canoo has plans to build electric vehicles in ... As state employees, counteracting racial injustice is our job. The fight for racial justice is a collective effort that will take more work than what we say or ..."
Canoo corporate communications strategy,"Dec 20, 2021 ... ... business and manufacturing strategy. Sohel Merchant, who joined the company in 2017 as one of its founders, has been promoted to Chief ... Hector has served as General Counsel and Corporate Secretary since April 2021 and as Vice President, Global Strategy, Tax Counsel & Treasury from January 2021 ... Apr 27, 2021 ... In this position, Aquila will lead the company in its focused strategy of bringing the Company's best-in-class electric vehicles (EVs) to ... Public Relations, Content Strategy, and Strategic Planning. See all details ... “Agnes was a phenomenal VP Communications at Canoo Technologies. She brought ... Aug 29, 2023 ... ... company release didn't cite the reason for Manget's exit. Jim Schwartz, Canoo's director of corporate communications, declined to comment ... Jan 14, 2015 ... The “Canoe Theory” analogy is that businesses and teamwork are much like a canoe and its crew. Everyone plays a role and must “paddle together” ... Oct 2, 2023 ... PRNewswire/ -- Canoo (NASDAQ: GOEV), a leading high-tech advanced mobility company, announced today that it has entered into a purchase ... ... Communications and Public Relations at SoBet starting in September 2022. Pavel's previous roles include Director of PR and Corporate Communications at Canoo ... Feb 7, 2024 ... ""As innovators and leaders, they will support Canoo and its team achieve our strategic growth objectives and increase our market penetration. Feb 4, 2023 ... How To Launch A Brand With A Big Impact Like Canoo (The Electric Car Subscription Company) · Make Your Position Memorable · Let Fans Participate ..."
Canoo brand loyalty and customer advocacy,"May 8, 2023 ... User-generated content (UGC) is one of the most effective ways to connect with customers and create loyalty for your brand. Benefits include fewer support tickets, improved satisfaction levels among existing customers, and increased loyalty towards the company. ... canoe rides. Then ... Jan 30, 2015 ... “Customer service represents the heart of a brand in the hearts of its customers. ... Customer satisfaction and loyalty should be every leader's ... Dec 31, 2022 ... Customers that place Canoo vehicles into service in 2023 are eligible for ... customer experience and service facilities and building our brand. Mar 21, 2022 ... Reduces oil demand while improving customer service. Love it... Like ... CEO at The Routing Company, Previously Uber & Canoo. 1mo Edited. Mar 30, 2023 ... ... customer engagement, improve customer trust and loyalty, enhance customer ... customer experience and service facilities and building our brand. Prophet partners with companies to build brands, identify the landscape, grow market share and increase loyalty and customer value with the right digital ... ... customer service that meets and exceeds expectations. Customers will stay loyal to your brand while agents feel empowered in every interaction. Related ... May 1, 2022 ... Canoo's pickup design includes customer ... The company's wide selection of high-quality vehicles and good service creates loyal customers. ... customer engagement and customer loyalty, as well as easier management of customer service. ... service staff, and that brand connections will feel “false”. It's ..."
Canoo digital transformation initiatives,"... technology for document collection, data extraction and data science initiatives. We transform complex documents into actionable intelligence within seconds ... ... transformation of the business to set it apart from the herd. Since that time, Canoo expanded the executive team, announced three new vehicle trims, a Phase ... Feb 7, 2024 ... I am excited to be part of the Canoo board and to help establish the roadmap for Canoo's digital transformation journey. ... She's led marketing ... Jan 25, 2023 ... ... Initiative and its pledge to achieve net zero by 2060. With that in mind, we are ... Canoo's award-winning vehicles and advanced mobility digital ... Discover, experiment, lead, coordinate and deliver digital initiatives across facilities. ... Digital Manufacturing transformation ensuring a clear path forward. Jan 19, 2022 ... ... initiatives, driving the shift from on-premise data centers to the ... Digital Transformation | Engineering | Engineering Digital Transformation ... Digital transformation is reshaping all aspects of business and companies must find an effective way to implement it. Software as a Service (SaaS) solutions ... Jan 25, 2023 ... Additionally, Canoo and GCC Olayan will also work to develop a joint venture to launch a digital vehicle ecosystem for service maintenance ... Oct 24, 2023 ... Business Development I Strategy I Sustainability I Consultative Selling I Marketing ... initiatives and creating a healthier environment. EVs ... Jan 12, 2024 ... ... digital transformation strategies, its innovation programs, and its technology initiatives. DHL Group is a global logistics company ..."
Canoo online presence and digital marketing,"... social media cookies which personalize your experience, show ads based on your interests, measure analytics, and provide social media features. Visit www.Canoo ... Electric Vehicle-maker Canoo's up-to-date media center for the latest press releases, photos, videos, company information, and more. ... social media cookies which personalize your experience, show ads based on your interests, measure analytics, and provide social media features. Visit www ... Canoo has developed breakthrough electric vehicles that are reinventing the automotive landscape with bold innovations in design, pioneering technologies, ... ... social media presence that will help you engage with your ... Green Canoe Digital Solutions is a boutique digital marketing firm specializing in Social Media ... Alternative investment technology trusted by 250+ firms to automate document and data workflows and guide the industry forward. Nov 9, 2020 ... Since then, I've dived deep into LinkedIn and I now help my B2B clients to build a better online presence through engaging content for their ... There was no online presence to showcase everything that Hico ... Green Canoe Digital Solutions is a boutique digital marketing firm specializing in Social Media ... May 5, 2023 ... Alec specializes in B2B social media marketing and uses his expertise and creativity to enhance the digital presence of our clients. In ... Jul 14, 2023 ... Taking the time to run a diagnostic on your individual and family's online presence is a best practice to stay safe. Legislation does not ..."
Canoo expansion into adjacent markets,"Jul 12, 2022 ... ... to create thousands of technology and manufacturing jobs in the surrounding communities. ... markets, or other sources; the rollout of Canoo's ... Nov 2, 2022 ... The new facility will expand Canoo's manufacturing and employment footprint in ... markets, or other sources; the rollout of Canoo's business and ... Nov 2, 2022 ... The new facility will expand Canoo's manufacturing and employment footprint in the region. ... markets, or other sources; the rollout of Canoo's ... Apr 15, 2020 ... ... Canoe Company decides to raise additional capital for a planned business expansion. ... to acquire cash as well as land adjacent to its current ... Jan 31, 2024 ... Additionally, the announcement could influence Canoo's stock (NASDAQ: GOEV) due to the positive market sentiment surrounding EVs and the ... Dec 11, 2023 ... Announces the Strategic Acquisition of TransportUS, Inc., Marking Significant Expansion into Transportation Services ... in adjacent markets, ... Jan 7, 2021 ... “Fintechs in a given market were having problems expanding into adjacent markets — there was too much friction and understanding the ... Jan 25, 2023 ... ... Canoo and are proud to be the exclusive distributor of its electric vehicles in our market. The new partnership will combine GCC Olayan's ... ... canoe to the nearby military garrison. By 1830, the city of Pittsburgh ... to the point where ""hard coal"" had captured the eastern markets. Consequently ... Sep 15, 2010 ... My understanding is sometime in the late 70s or early 80s, the company was looking to expand their market and maybe, bouyed by the success of ..."
Canoo aftermarket services and support,"Engage with Canoo in an entirely new way, anytime and anywhere. · Canoo Reaches Agreement with U.S. Postal Service for Purchase of Electric Vehicles · Canoo ... May 3, 2021 ... He brings more than two decades of experience scaling automotive aftermarket sales, retail, parts, service, and fleet sales. ... support a wide ... Jan 13, 2021 ... ... services to automobile dealerships specializing in aftermarket extended warranty and vehicle service contract programs. In addition, Dattilo ... Jan 26, 2023 ... The first phase of the agreement is for the sale, distribution, service maintenance and repair of Canoo vehicles. Additionally, Canoo and GCC ... Jan 27, 2023 ... Aftermarket Intel ... The first phase of the agreement is for the sale, distribution, service maintenance and repair of Canoo vehicles. Nov 27, 2023 ... Canoo's vehicle manufacturing and battery cell production ... It also offers full service and aftermarket support services for its products. Dec 31, 2021 ... ... aftermarket services. The agreement will include service networks, battery-related training, connectivity, recycling and reuse. ZF, which ... Jan 13, 2021 ... ... services to automobile dealerships specializing in aftermarket extended warranty and vehicle service contract programs. In addition, Dattilo ... Journey & Customer Services. 20+ years experience in automotive aftermarket ... CANOO APP. Page 100. 100. CAR DATA MONETIZATION. Opportunity sized at. $250 – 400B. Jan 29, 2024 ... The Postal Service might have to take a number and get in line if they are serious about adding Canoo's signature Lifestyle Delivery Vans to ..."
Canoo long-term sustainability goals,"Canoo is committed to engineering sustainable mobility for everyone by creating long-term value through our impact on people and the planet. Aug 26, 2021 ... ... long-term stakeholder and shareholder value. For Canoo, this means ESG will be integrated into our entire lifecycle. The time is now to ... The major focus of this plan is to implement a sustainable, long-term harvest ... Learn about plans to provide a long term, sustainable supply of koa canoe logs. Aug 16, 2021 ... ... plan to deliver long-term value for our investors and communities.” ... term, industry material environmental, social and governance (ESG) risks. May 8, 2023 ... DLNR and its partners hope that this area can be a model for supplying a long ... In addition to producing the draft plan and environmental ... ... long-term sustainable capital vehicle that invests globally in assets that ... purpose driven EVs to the hard-working people of the heartlands and beyond. He ... Oct 7, 2023 ... ... sustainability goals. ... “The partnership with ICF is another testimony to our long-term devotion to sports innovation and sustainability ... Nov 16, 2023 ... ""We're practitioners of sustainability and have a separate fleet of sustainable ... long term plans of integrating EVs to Prime Time markets ... ... goals and plan for sustainable long-term success. “Canoe provided the leverage for us to support more work with our existing team,” noted Wagenhoffer. Apr 21, 2023 ... ... long-term goals. KKCMA consists of roughly 1,257 acres on the ... However, the main objective of providing a long term sustainable supply of koa ..."
Canoo energy efficiency and environmental impact,"By 2030 we aim to make all our products carbon neutral through recycled and renewable materials, clean energy, and low-carbon ... Canoo is committed to engineering sustainable mobility for everyone by creating long-term value through our impact on people and ... Design energy efficient machines and buildings, and sustainable communities. Prepare for environmental activism. Make your art an ... Thanks to President Biden's Investing in America Agenda, it's easier than ever to take control of your energy costs. ... emissions limits by 2024, with stricter limits coming into effect ... energy efficiency and reduce carbon emissions from buildings in NYC ... infrastructure and assets that allow reduced carbon emissions and pollution, enhanced energy and resource efficiency ... Our impact in ... ... energy efficiency, high performance, and water conservation. Check out ... pollution, mitigating environmental impact, and saving money. Energy sector reforms improve energy efficiency while reducing emissions ... climate risks—USAID improves the impact and sustainability ... Dec 13, 2022 ... ... energy efficiency are ... climate, dirty energy also comes with unacceptable ecological and human health impacts. ... climate change; indicators and impacts of climate ... environmental benefits and financial value through superior energy efficiency."
Canoo regulatory lobbying and advocacy efforts,"Sacramento, CA. The reports contain such information as the sources and amounts of payments for lobbying purposes and the identities of the legislative measures ... State Regulatory Issues ... Readers receive in-depth information about the profession including research, advocacy efforts, the latest technology, and education ... ... lobbying/ and is expected to be updated monthly throughout the Legislative Session. ... Lobbying Firm. CALIFORNIA ADVOCATES, INC. (916) 441-5050. ALCANTAR, ... Weideman Group is California's premier full-service lobbying and consulting firm with a proven track record of achieving complex legislative, regulatory, ... Sound public policy is critical to the success of long-term conservation efforts across the globe ... WWF also advocates for bipartisan legislation that would ... Jewish Day of Advocacy for Peace Group Photo on Leg Building Steps. Location: Legislative Building - North Steps. Event Sponsor: Jewish Day of Advocacy for ... Our lobbying and political contributions are aligned with these positions. In all of the company's advocacy activities, we are committed to the highest ... By testifying before congressional committees, working closely with the executive branch, and—after the Tax Reform Act of 1976—lobbying ... efforts to combat ... Harrisburg Lobby Day Event, advocating for 100% renewable energy in PA by 2050. ... Stop efforts to weaken DEP oversight: Legislation crafted under the guise of ... Political advocacy, campaigning, legislative lobbying or litigation programs. ... Boat, kayak, canoe and paddle board purchases (Rentals are considered an ..."
